Honors Introduction to Engineering Design 1-2 (PLTW),Engineering & Achitecture
Honors Principles of Engineering 1-2 (PLTW),Engineering & Achitecture
Honors Civil Engineering and Architecture 1-2 (PLTW),Engineering & Achitecture
Honors Computer Integrated Manufacturing 1-2 (PLTW),Engineering & Achitecture
Honors Digital Electronics 1-2,Engineering & Achitecture
AP Music Theory 1-2,Fine Arts Performing
Drama 1-2,Fine Arts Performing
Drama 3-4,Fine Arts Performing
Drama 5-6,Fine Arts Performing
Orchestra 1-2,Fine Arts Performing
Technical Production for Theater 1-2,Fine Arts Performing
Technical Production for Theater 3-4,Fine Arts Performing
Theater Study and Performance 7-8,Fine Arts Performing
Concert Choir 1-2,Fine Arts Performing
3D Computer Animation 1-2,Fine Arts Visual
AP Art History 1-2,Fine Arts Visual
Broadcast Journalism Advanced 1-2,Fine Arts Visual
Broadcast Journalism/TV Production 1-2,Fine Arts Visual
Broadcast Journalism/TV Production 3-4,Fine Arts Visual
Ceramics 1-2,Fine Arts Visual
Ceramics 3-4,Fine Arts Visual
Design and Mixed Media 1-2 (Sculpture & Design),Fine Arts Visual
Design and Mixed Media 3-4 (Sculpture & Design),Fine Arts Visual
Digital Media Production 1-2,Fine Arts Visual
Digital Media Production 3-4,Fine Arts Visual
Digital Media Production Advanced,Fine Arts Visual
Digital Photography 1-2,Fine Arts Visual
Digital Photography 3-4,Fine Arts Visual
Drawing & Painting 1-2,Fine Arts Visual
Drawing & Painting 3-4,Fine Arts Visual
Graphic Design 1-2,Fine Arts Visual
Graphic Design 3-4,Fine Arts Visual
Graphic Design 5-6,Fine Arts Visual
Studio Art 1-2: Graphic Design,Fine Arts Visual
Studio Art with AP Studio Art: 2D Design (Digital Photography),Fine Arts Visual
Studio Art with AP Studio Art: 3D Design (Ceramics),Fine Arts Visual
Studio Art with AP Studio Art: Drawing & Painting,Fine Arts Visual
Journalism 2 (Newspaper/Nexus),Journalism & Yearbook
Yearbook 1-2,Journalism & Yearbook
Chinese 1-2,Language
Chinese 3-4,Language
Chinese 5-6,Language
Chinese 7-8,Language
AP Chinese Language 1-2,Language
Filipino 1-2,Language
Filipino 3-4,Language
Filipino 5-6,Language
Filipino 7-8,Language
Honors Filipino 7-8,Language
French 1-2,Language
French 3-4,Language
French 5-6,Language
Honors French 7-8,Language
AP French Language 7-8,Language
Spanish 1-2,Language
Spanish 3-4,Language
Spanish 5-6,Language
Spanish 7-8,Language
Honors Spanish 7-8 with AP Spanish Language 1-2,Language
Spanish 9-10,Language
Integrated Math I,Math
Integrated Math II,Math
Integrated Math III,Math
Introduction to Data Science 1-2,Math
Pre-Calculus 1-2,Math
AP Pre-Calculus 1-2 with AP Calculus A-B,Math
AP Calculus BC 1-2,Math
Statistics with AP Statistics 1-2,Math
Aerobics/Weights,PE
Court Sports 1-2,PE
Racquet Sports 1-2,PE
Team Athletics/Weights,PE
Weight Training,PE
Marching Band with Concert Band,PE/Fine Arts Performing
Marching Colorguard with Dance Prop 1-2 (Tall Flags),PE/Fine Arts Performing
NJROTC,ROTC
Biology of the Living Earth 1-2,Sci Bio
Honors Biology 1-2 with AP Biology 3-4,Sci Bio
Honors Human Body Systems 1-2 (PLTW),Sci Bio
Honors Medical Interventions 1-2 (PLTW),Sci Bio
Honors Principles of Biomedical Science 1-2 (PLTW),Sci Bio
Zoology 1-2,Sci Bio
Honors Chemistry 1-2 with AP Chemistry 3-4,Sci Physical
Physics of the Universe 1-2 with AP Physics 1A-1B,Sci Physical
AP Environmental Science 1-2,Sci Physical
Chemistry in the Earth System 1-2,Sci Physical
Marine Science 1-2,Sci Physical
AP Human Geography 1-2,Social Science
AP Psychology 1-2,Social Science
Ethnic Studies 1-2,Social Science
Film Studies 1-2,Social Science
Psychology 1-2,Social Science
Sociology/Law in Action,Social Science
Comp Sci & Software Engineering 1-2 with AP CSA 1-2,Technology
AP Computer Science Principles 1-2,Technology
Computer Information Systems/Advanced CIS,Technology
Data Structures 1-2,Technology
Off Roll,X_Off Roll
Academic Tutor,Y_School Service & Leadership
ASB,Y_School Service & Leadership
Vocational Learning Assistant,Y_School Service & Leadership
Peer Counseling,Y_School Service & Leadership
Library Assistant 1-2,Y_School Service & Leadership
Academic Success,Z_Academic Support
Academic Success - Math Support,Z_Academic Support
AVID 1-2,Z_AVID
Business Principles and Strategies 1-2,Z_Business & Finance
Economics of Business Ownership 1-2,Z_Business & Finance
Internship,Z_Business & Finance
Introduction to Finance 1-2,Z_Business & Finance
Marketing Economics 1-2,Z_Business & Finance
Introduction to Cultural Anthropology,Z_Dual Enrollment
Introduction to Public Speaking,Z_Dual Enrollment
Social Problems,Z_Dual Enrollment
Introduction to Women’s Studies,Z_Dual Enrollment
Academic Literacy 1-2,Z_English Language Development
Academic Literacy 3-4,Z_English Language Development
ELD Explorations AB with CD,Z_English Language Development
ELD Reading/Writing 3-4,Z_English Language Development
ELL 1-2,Z_English Language Development
ELL 3-4,Z_English Language Development
ELL Reading/Writing 1-2,Z_English Language Development
Newcomer Class 1-2,Z_English Language Development
L/Basic Math,Z_Special Ed
L/Biology 1-2,Z_Special Ed
L/Community Domain Skills,Z_Special Ed
L/Dev Reading 1-2,Z_Special Ed
L/Domestic Domain Skills,Z_Special Ed
L/English 1-2,Z_Special Ed
L/Health Skills,Z_Special Ed
L/Integrated Math,Z_Special Ed
L/Job Skills,Z_Special Ed
L/Learning Stratagies 1-2,Z_Special Ed
L/Marine Science 1-2,Z_Special Ed
L/ Math Acceleration,Z_Special Ed
L/Recreation and Leisure Domain Skills,Z_Special Ed
L/Vocational Domain Skills,Z_Special Ed
L/Writing Skills 1-2,Z_Special Ed